year,state_name,commodity,yield_per_acre,yield_risk,weather_risk,drought_risk,economic_risk,SRI,risk_category,recommendation,avg_temp,total_precip,avg_dsci
2025,TEXAS,SOYBEANS,21.0,100.0,4.0,0.0,35.0,41.25,Moderate,"Monitor closely, consider +5% stockpile",,,0.0
2025,OKLAHOMA,SOYBEANS,25.0,95.8800102815678,4.0,0.0,35.0,39.80800359854873,Moderate,"Monitor closely, consider +5% stockpile",,,0.0
2025,MONTANA,WHEAT,21.0,92.00032187344446,4.0,0.0,35.0,38.45011265570556,Moderate,"Monitor closely, consider +5% stockpile",,,0.0
2025,TEXAS,SOYBEANS,27.0,91.87040616856288,4.0,0.0,35.0,38.40464215899701,Moderate,"Monitor closely, consider +5% stockpile",,,0.0
2025,TEXAS,SOYBEANS,27.0,91.87040616856288,4.0,0.0,35.0,38.40464215899701,Moderate,"Monitor closely, consider +5% stockpile",,,0.0
2025,COLORADO,CORN,118.0,90.11396879993771,4.0,0.0,35.0,37.789889079978195,Moderate,"Monitor closely, consider +5% stockpile",,,0.0
2025,MONTANA,WHEAT,24.0,89.24219332330418,4.0,0.0,35.0,37.48476766315646,Moderate,"Monitor closely, consider +5% stockpile",,,0.0
2025,TEXAS,CORN,120.0,88.72169445830897,4.0,0.0,35.0,37.30259306040814,Moderate,"Monitor closely, consider +5% stockpile",,,0.0
2025,MONTANA,WHEAT,25.0,88.3228171399241,4.0,0.0,35.0,37.16298599897343,Moderate,"Monitor closely, consider +5% stockpile",,,0.0
2025,OKLAHOMA,SOYBEANS,29.0,87.86080205555797,4.0,0.0,35.0,37.00128071944529,Moderate,"Monitor closely, consider +5% stockpile",,,0.0
2025,OKLAHOMA,SOYBEANS,29.0,87.86080205555797,4.0,0.0,35.0,37.00128071944529,Moderate,"Monitor closely, consider +5% stockpile",,,0.0
2025,TEXAS,CORN,122.0,87.32942011668024,4.0,0.0,35.0,36.81529704083808,Moderate,"Monitor closely, consider +5% stockpile",,,0.0
2025,TEXAS,CORN,122.0,87.32942011668024,4.0,0.0,35.0,36.81529704083808,Moderate,"Monitor closely, consider +5% stockpile",,,0.0
2025,MONTANA,WHEAT,27.0,86.48406477316391,4.0,0.0,35.0,36.51942267060737,Moderate,"Monitor closely, consider +5% stockpile",,,0.0
2025,MONTANA,WHEAT,29.0,84.64531240640372,4.0,0.0,35.0,35.8758593422413,Moderate,"Monitor closely, consider +5% stockpile",,,0.0
2025,COLORADO,CORN,126.0,84.54487143342277,4.0,0.0,35.0,35.84070500169797,Moderate,"Monitor closely, consider +5% stockpile",,,0.0
2025,COLORADO,CORN,126.0,84.54487143342277,4.0,0.0,35.0,35.84070500169797,Moderate,"Monitor closely, consider +5% stockpile",,,0.0
2025,TEXAS,WHEAT,30.0,83.72593622302362,4.0,0.0,35.0,35.55407767805826,Moderate,"Monitor closely, consider +5% stockpile",,,0.0
2025,MONTANA,WHEAT,30.0,83.72593622302362,4.0,0.0,35.0,35.55407767805826,Moderate,"Monitor closely, consider +5% stockpile",,,0.0
2025,WYOMING,WHEAT,30.0,83.72593622302362,4.0,0.0,35.0,35.55407767805826,Moderate,"Monitor closely, consider +5% stockpile",,,0.0
2025,WYOMING,WHEAT,30.0,83.72593622302362,4.0,0.0,35.0,35.55407767805826,Moderate,"Monitor closely, consider +5% stockpile",,,0.0
2025,NEW MEXICO,WHEAT,31.0,82.80656003964353,4.0,0.0,35.0,35.23229601387523,Moderate,"Monitor closely, consider +5% stockpile",,,0.0
2025,TEXAS,WHEAT,31.0,82.80656003964353,4.0,0.0,35.0,35.23229601387523,Moderate,"Monitor closely, consider +5% stockpile",,,0.0
2025,NEW MEXICO,WHEAT,31.0,82.80656003964353,4.0,0.0,35.0,35.23229601387523,Moderate,"Monitor closely, consider +5% stockpile",,,0.0
2025,TEXAS,WHEAT,32.0,81.88718385626345,4.0,0.0,35.0,34.91051434969221,Moderate,"Monitor closely, consider +5% stockpile",,,0.0
2025,OKLAHOMA,CORN,130.0,81.76032275016527,4.0,0.0,35.0,34.86611296255784,Moderate,"Monitor closely, consider +5% stockpile",,,0.0
2025,OKLAHOMA,CORN,130.0,81.76032275016527,4.0,0.0,35.0,34.86611296255784,Moderate,"Monitor closely, consider +5% stockpile",,,0.0
2025,OKLAHOMA,CORN,130.0,81.76032275016527,4.0,0.0,35.0,34.86611296255784,Moderate,"Monitor closely, consider +5% stockpile",,,0.0
2025,KANSAS,CORN,136.0,77.58349972527907,4.0,0.0,35.0,33.40422490384768,Moderate,"Monitor closely, consider +5% stockpile",,,0.0
2025,KANSAS,CORN,136.0,77.58349972527907,4.0,0.0,35.0,33.40422490384768,Moderate,"Monitor closely, consider +5% stockpile",,,0.0
2025,MONTANA,WHEAT,36.9,77.382240557701,4.0,0.0,35.0,33.33378419519535,Moderate,"Monitor closely, consider +5% stockpile",,,0.0
2025,NEBRASKA,WHEAT,37.0,77.29030293936297,4.0,0.0,35.0,33.301606028777044,Moderate,"Monitor closely, consider +5% stockpile",,,0.0
2025,NEBRASKA,WHEAT,37.0,77.29030293936297,4.0,0.0,35.0,33.301606028777044,Moderate,"Monitor closely, consider +5% stockpile",,,0.0
2025,TEXAS,WHEAT,37.0,77.29030293936297,4.0,0.0,35.0,33.301606028777044,Moderate,"Monitor closely, consider +5% stockpile",,,0.0
2025,TEXAS,WHEAT,37.0,77.29030293936297,4.0,0.0,35.0,33.301606028777044,Moderate,"Monitor closely, consider +5% stockpile",,,0.0
2025,TEXAS,WHEAT,37.0,77.29030293936297,4.0,0.0,35.0,33.301606028777044,Moderate,"Monitor closely, consider +5% stockpile",,,0.0
2025,COLORADO,WHEAT,37.0,77.29030293936297,4.0,0.0,35.0,33.301606028777044,Moderate,"Monitor closely, consider +5% stockpile",,,0.0
2025,OKLAHOMA,WHEAT,38.0,76.3709267559829,4.0,0.0,35.0,32.97982436459401,Moderate,"Monitor closely, consider +5% stockpile",,,0.0
2025,COLORADO,WHEAT,38.0,76.3709267559829,4.0,0.0,35.0,32.97982436459401,Moderate,"Monitor closely, consider +5% stockpile",,,0.0
2025,COLORADO,WHEAT,38.0,76.3709267559829,4.0,0.0,35.0,32.97982436459401,Moderate,"Monitor closely, consider +5% stockpile",,,0.0
2025,NEBRASKA,WHEAT,38.0,76.3709267559829,4.0,0.0,35.0,32.97982436459401,Moderate,"Monitor closely, consider +5% stockpile",,,0.0
2025,COLORADO,WHEAT,38.0,76.3709267559829,4.0,0.0,35.0,32.97982436459401,Moderate,"Monitor closely, consider +5% stockpile",,,0.0
2025,OKLAHOMA,WHEAT,38.0,76.3709267559829,4.0,0.0,35.0,32.97982436459401,Moderate,"Monitor closely, consider +5% stockpile",,,0.0
2025,OKLAHOMA,WHEAT,38.0,76.3709267559829,4.0,0.0,35.0,32.97982436459401,Moderate,"Monitor closely, consider +5% stockpile",,,0.0
2025,OKLAHOMA,WHEAT,38.0,76.3709267559829,4.0,0.0,35.0,32.97982436459401,Moderate,"Monitor closely, consider +5% stockpile",,,0.0
2025,KANSAS,CORN,139.0,75.49508821283595,4.0,0.0,35.0,32.67328087449258,Moderate,"Monitor closely, consider +5% stockpile",,,0.0
2025,OKLAHOMA,WHEAT,39.0,75.4515505726028,4.0,0.0,35.0,32.658042700410974,Moderate,"Monitor closely, consider +5% stockpile",,,0.0
2025,OKLAHOMA,WHEAT,39.0,75.4515505726028,4.0,0.0,35.0,32.658042700410974,Moderate,"Monitor closely, consider +5% stockpile",,,0.0
2025,COLORADO,WHEAT,40.0,74.5321743892227,4.0,0.0,35.0,32.336261036227945,Moderate,"Monitor closely, consider +5% stockpile",,,0.0
2025,COLORADO,WHEAT,40.0,74.5321743892227,4.0,0.0,35.0,32.336261036227945,Moderate,"Monitor closely, consider +5% stockpile",,,0.0
2025,NEBRASKA,WHEAT,40.0,74.5321743892227,4.0,0.0,35.0,32.336261036227945,Moderate,"Monitor closely, consider +5% stockpile",,,0.0
2025,SOUTH CAROLINA,SOYBEANS,36.0,73.82718766004074,4.0,0.0,35.0,32.089515681014255,Moderate,"Monitor closely, consider +5% stockpile",,,0.0
2025,SOUTH CAROLINA,SOYBEANS,36.0,73.82718766004074,4.0,0.0,35.0,32.089515681014255,Moderate,"Monitor closely, consider +5% stockpile",,,0.0
2025,NORTH DAKOTA,SOYBEANS,36.0,73.82718766004074,4.0,0.0,35.0,32.089515681014255,Moderate,"Monitor closely, consider +5% stockpile",,,0.0
2025,KANSAS,SOYBEANS,36.0,73.82718766004074,4.0,0.0,35.0,32.089515681014255,Moderate,"Monitor closely, consider +5% stockpile",,,0.0
2025,NORTH CAROLINA,CORN,143.0,72.71053952957848,4.0,0.0,35.0,31.698688835352467,Moderate,"Monitor closely, consider +5% stockpile",,,0.0
2025,WASHINGTON,WHEAT,42.0,72.69342202246253,4.0,0.0,35.0,31.692697707861882,Moderate,"Monitor closely, consider +5% stockpile",,,0.0
2025,NORTH DAKOTA,SOYBEANS,37.0,71.82238560353828,4.0,0.0,35.0,31.387834961238397,Moderate,"Monitor closely, consider +5% stockpile",,,0.0
2025,SOUTH CAROLINA,SOYBEANS,37.0,71.82238560353828,4.0,0.0,35.0,31.387834961238397,Moderate,"Monitor closely, consider +5% stockpile",,,0.0
2025,NORTH DAKOTA,SOYBEANS,37.0,71.82238560353828,4.0,0.0,35.0,31.387834961238397,Moderate,"Monitor closely, consider +5% stockpile",,,0.0
2025,WASHINGTON,WHEAT,43.0,71.77404583908242,4.0,0.0,35.0,31.370916043678847,Moderate,"Monitor closely, consider +5% stockpile",,,0.0
2025,NORTH DAKOTA,CORN,145.0,71.31826518794973,4.0,0.0,35.0,31.211392815782407,Moderate,"Monitor closely, consider +5% stockpile",,,0.0
2025,NORTH DAKOTA,CORN,145.0,71.31826518794973,4.0,0.0,35.0,31.211392815782407,Moderate,"Monitor closely, consider +5% stockpile",,,0.0
2025,MONTANA,WHEAT,44.0,70.85466965570234,4.0,0.0,35.0,31.04913437949582,Moderate,"Monitor closely, consider +5% stockpile",,,0.0
2025,NORTH DAKOTA,WHEAT,44.0,70.85466965570234,4.0,0.0,35.0,31.04913437949582,Moderate,"Monitor closely, consider +5% stockpile",,,0.0
2025,MONTANA,WHEAT,44.0,70.85466965570234,4.0,0.0,35.0,31.04913437949582,Moderate,"Monitor closely, consider +5% stockpile",,,0.0
2025,MONTANA,WHEAT,45.0,69.93529347232224,4.0,0.0,35.0,30.727352715312783,Moderate,"Monitor closely, consider +5% stockpile",,,0.0
2025,ALABAMA,SOYBEANS,38.0,69.81758354703581,4.0,0.0,35.0,30.686154241462532,Moderate,"Monitor closely, consider +5% stockpile",,,0.0
2025,ALABAMA,SOYBEANS,38.0,69.81758354703581,4.0,0.0,35.0,30.686154241462532,Moderate,"Monitor closely, consider +5% stockpile",,,0.0
2025,NORTH DAKOTA,CORN,148.0,69.22985367550662,4.0,0.0,35.0,30.480448786427313,Moderate,"Monitor closely, consider +5% stockpile",,,0.0
2025,NORTH CAROLINA,CORN,148.0,69.22985367550662,4.0,0.0,35.0,30.480448786427313,Moderate,"Monitor closely, consider +5% stockpile",,,0.0
2025,NORTH CAROLINA,CORN,148.0,69.22985367550662,4.0,0.0,35.0,30.480448786427313,Moderate,"Monitor closely, consider +5% stockpile",,,0.0
2025,MONTANA,WHEAT,46.0,69.01591728894215,4.0,0.0,35.0,30.40557105112975,Moderate,"Monitor closely, consider +5% stockpile",,,0.0
2025,SOUTH DAKOTA,WHEAT,46.0,69.01591728894215,4.0,0.0,35.0,30.40557105112975,Moderate,"Monitor closely, consider +5% stockpile",,,0.0
2025,SOUTH DAKOTA,WHEAT,46.0,69.01591728894215,4.0,0.0,35.0,30.40557105112975,Moderate,"Monitor closely, consider +5% stockpile",,,0.0
2025,NEBRASKA,WHEAT,47.0,68.09654110556205,4.0,0.0,35.0,30.083789386946716,Moderate,"Monitor closely, consider +5% stockpile",,,0.0
2025,NEBRASKA,WHEAT,47.0,68.09654110556205,4.0,0.0,35.0,30.083789386946716,Moderate,"Monitor closely, consider +5% stockpile",,,0.0
2025,WASHINGTON,WHEAT,47.0,68.09654110556205,4.0,0.0,35.0,30.083789386946716,Moderate,"Monitor closely, consider +5% stockpile",,,0.0
2025,MONTANA,WHEAT,47.0,68.09654110556205,4.0,0.0,35.0,30.083789386946716,Moderate,"Monitor closely, consider +5% stockpile",,,0.0
2025,NORTH DAKOTA,WHEAT,47.0,68.09654110556205,4.0,0.0,35.0,30.083789386946716,Moderate,"Monitor closely, consider +5% stockpile",,,0.0
2025,NORTH DAKOTA,WHEAT,47.0,68.09654110556205,4.0,0.0,35.0,30.083789386946716,Moderate,"Monitor closely, consider +5% stockpile",,,0.0
2025,SOUTH DAKOTA,WHEAT,47.0,68.09654110556205,4.0,0.0,35.0,30.083789386946716,Moderate,"Monitor closely, consider +5% stockpile",,,0.0
2025,SOUTH DAKOTA,WHEAT,47.0,68.09654110556205,4.0,0.0,35.0,30.083789386946716,Moderate,"Monitor closely, consider +5% stockpile",,,0.0
2025,SOUTH CAROLINA,CORN,150.0,67.83757933387788,4.0,0.0,35.0,29.993152766857257,Moderate,"Monitor closely, consider +5% stockpile",,,0.0
2025,SOUTH CAROLINA,CORN,150.0,67.83757933387788,4.0,0.0,35.0,29.993152766857257,Moderate,"Monitor closely, consider +5% stockpile",,,0.0
2025,SOUTH CAROLINA,CORN,150.0,67.83757933387788,4.0,0.0,35.0,29.993152766857257,Moderate,"Monitor closely, consider +5% stockpile",,,0.0
2025,KANSAS,SOYBEANS,39.0,67.81278149053335,4.0,0.0,35.0,29.984473521686674,Moderate,"Monitor closely, consider +5% stockpile",,,0.0
2025,KANSAS,SOYBEANS,39.0,67.81278149053335,4.0,0.0,35.0,29.984473521686674,Moderate,"Monitor closely, consider +5% stockpile",,,0.0
2025,NORTH CAROLINA,SOYBEANS,39.0,67.81278149053335,4.0,0.0,35.0,29.984473521686674,Moderate,"Monitor closely, consider +5% stockpile",,,0.0
2025,ALABAMA,SOYBEANS,39.0,67.81278149053335,4.0,0.0,35.0,29.984473521686674,Moderate,"Monitor closely, consider +5% stockpile",,,0.0
2025,NORTH CAROLINA,SOYBEANS,39.0,67.81278149053335,4.0,0.0,35.0,29.984473521686674,Moderate,"Monitor closely, consider +5% stockpile",,,0.0
2025,SOUTH DAKOTA,WHEAT,48.0,67.17716492218196,4.0,0.0,35.0,29.762007722763684,Moderate,"Monitor closely, consider +5% stockpile",,,0.0
2025,NEW YORK,CORN,152.0,66.44530499224915,4.0,0.0,35.0,29.5058567472872,Moderate,"Monitor closely, consider +5% stockpile",,,0.0
2025,NEW YORK,CORN,152.0,66.44530499224915,4.0,0.0,35.0,29.5058567472872,Moderate,"Monitor closely, consider +5% stockpile",,,0.0
2025,NORTH DAKOTA,WHEAT,49.0,66.25778873880188,4.0,0.0,35.0,29.440226058580656,Moderate,"Monitor closely, consider +5% stockpile",,,0.0
2025,SOUTH DAKOTA,WHEAT,49.0,66.25778873880188,4.0,0.0,35.0,29.440226058580656,Moderate,"Monitor closely, consider +5% stockpile",,,0.0
2025,KENTUCKY,SOYBEANS,40.0,65.8079794340309,4.0,0.0,35.0,29.282792801910812,Moderate,"Monitor closely, consider +5% stockpile",,,0.0
2025,NORTH CAROLINA,SOYBEANS,40.0,65.8079794340309,4.0,0.0,35.0,29.282792801910812,Moderate,"Monitor closely, consider +5% stockpile",,,0.0
2025,KENTUCKY,SOYBEANS,40.0,65.8079794340309,4.0,0.0,35.0,29.282792801910812,Moderate,"Monitor closely, consider +5% stockpile",,,0.0
2025,SOUTH DAKOTA,WHEAT,50.0,65.33841255542178,4.0,0.0,35.0,29.118444394397624,Moderate,"Monitor closely, consider +5% stockpile",,,0.0
2025,KANSAS,WHEAT,50.0,65.33841255542178,4.0,0.0,35.0,29.118444394397624,Moderate,"Monitor closely, consider +5% stockpile",,,0.0
2025,KANSAS,WHEAT,50.0,65.33841255542178,4.0,0.0,35.0,29.118444394397624,Moderate,"Monitor closely, consider +5% stockpile",,,0.0
2025,SOUTH DAKOTA,WHEAT,50.5,64.87872446373173,4.0,0.0,35.0,28.957553562306103,Moderate,"Monitor closely, consider +5% stockpile",,,0.0
2025,KANSAS,WHEAT,51.0,64.41903637204169,4.0,0.0,35.0,28.79666273021459,Moderate,"Monitor closely, consider +5% stockpile",,,0.0
2025,SOUTH DAKOTA,WHEAT,51.0,64.41903637204169,4.0,0.0,35.0,28.79666273021459,Moderate,"Monitor closely, consider +5% stockpile",,,0.0
2025,KANSAS,WHEAT,51.0,64.41903637204169,4.0,0.0,35.0,28.79666273021459,Moderate,"Monitor closely, consider +5% stockpile",,,0.0
2025,UTAH,WHEAT,51.0,64.41903637204169,4.0,0.0,35.0,28.79666273021459,Moderate,"Monitor closely, consider +5% stockpile",,,0.0
2025,KANSAS,WHEAT,51.0,64.41903637204169,4.0,0.0,35.0,28.79666273021459,Moderate,"Monitor closely, consider +5% stockpile",,,0.0
2025,UTAH,WHEAT,51.0,64.41903637204169,4.0,0.0,35.0,28.79666273021459,Moderate,"Monitor closely, consider +5% stockpile",,,0.0
2025,KANSAS,WHEAT,51.0,64.41903637204169,4.0,0.0,35.0,28.79666273021459,Moderate,"Monitor closely, consider +5% stockpile",,,0.0
2025,ALABAMA,CORN,157.0,62.9646191381773,4.0,0.0,35.0,28.287616698362054,Moderate,"Monitor closely, consider +5% stockpile",,,0.0
2025,PENNSYLVANIA,CORN,157.0,62.9646191381773,4.0,0.0,35.0,28.287616698362054,Moderate,"Monitor closely, consider +5% stockpile",,,0.0
2025,PENNSYLVANIA,CORN,157.0,62.9646191381773,4.0,0.0,35.0,28.287616698362054,Moderate,"Monitor closely, consider +5% stockpile",,,0.0
2025,NORTH DAKOTA,WHEAT,52.8,62.76415924195752,4.0,0.0,35.0,28.21745573468513,Moderate,"Monitor closely, consider +5% stockpile",,,0.0
2025,NEW YORK,CORN,158.0,62.26848196736293,4.0,0.0,35.0,28.043968688577024,Moderate,"Monitor closely, consider +5% stockpile",,,0.0
2025,NEW JERSEY,SOYBEANS,42.0,61.79837532102597,4.0,0.0,35.0,27.87943136235909,Moderate,"Monitor closely, consider +5% stockpile",,,0.0
2025,NORTH DAKOTA,WHEAT,55.0,60.741531638521316,4.0,0.0,35.0,27.509536073482458,Moderate,"Monitor closely, consider +5% stockpile",,,0.0
2025,NORTH DAKOTA,WHEAT,55.0,60.741531638521316,4.0,0.0,35.0,27.509536073482458,Moderate,"Monitor closely, consider +5% stockpile",,,0.0
2025,NEW JERSEY,SOYBEANS,43.0,59.793573264523516,4.0,0.0,35.0,27.17775064258323,Moderate,"Monitor closely, consider +5% stockpile",,,0.0
2025,NEW JERSEY,SOYBEANS,43.0,59.793573264523516,4.0,0.0,35.0,27.17775064258323,Moderate,"Monitor closely, consider +5% stockpile",,,0.0
2025,TENNESSEE,SOYBEANS,43.0,59.793573264523516,4.0,0.0,35.0,27.17775064258323,Moderate,"Monitor closely, consider +5% stockpile",,,0.0
2025,TENNESSEE,SOYBEANS,43.0,59.793573264523516,4.0,0.0,35.0,27.17775064258323,Moderate,"Monitor closely, consider +5% stockpile",,,0.0
2025,ARKANSAS,WHEAT,57.0,58.90277927176113,4.0,0.0,35.0,26.865972745116395,Moderate,"Monitor closely, consider +5% stockpile",,,0.0
2025,ARKANSAS,WHEAT,57.0,58.90277927176113,4.0,0.0,35.0,26.865972745116395,Moderate,"Monitor closely, consider +5% stockpile",,,0.0
2025,PENNSYLVANIA,CORN,164.0,58.09165894247671,4.0,0.0,35.0,26.582080629866848,Moderate,"Monitor closely, consider +5% stockpile",,,0.0
2025,ARKANSAS,WHEAT,58.0,57.98340308838104,4.0,0.0,35.0,26.544191080933363,Moderate,"Monitor closely, consider +5% stockpile",,,0.0
2025,DELAWARE,SOYBEANS,44.0,57.78877120802105,4.0,0.0,35.0,26.47606992280737,Moderate,"Monitor closely, consider +5% stockpile",,,0.0
2025,VIRGINIA,SOYBEANS,44.0,57.78877120802105,4.0,0.0,35.0,26.47606992280737,Moderate,"Monitor closely, consider +5% stockpile",,,0.0
2025,VIRGINIA,SOYBEANS,44.0,57.78877120802105,4.0,0.0,35.0,26.47606992280737,Moderate,"Monitor closely, consider +5% stockpile",,,0.0
2025,DELAWARE,SOYBEANS,44.0,57.78877120802105,4.0,0.0,35.0,26.47606992280737,Moderate,"Monitor closely, consider +5% stockpile",,,0.0
2025,NORTH CAROLINA,WHEAT,59.0,57.064026905000944,4.0,0.0,35.0,26.222409416750327,Moderate,"Monitor closely, consider +5% stockpile",,,0.0
2025,NORTH DAKOTA,WHEAT,59.0,57.064026905000944,4.0,0.0,35.0,26.222409416750327,Moderate,"Monitor closely, consider +5% stockpile",,,0.0
2025,ALABAMA,CORN,166.0,56.69938460084797,4.0,0.0,35.0,26.094784610296788,Moderate,"Monitor closely, consider +5% stockpile",,,0.0
2025,ALABAMA,CORN,166.0,56.69938460084797,4.0,0.0,35.0,26.094784610296788,Moderate,"Monitor closely, consider +5% stockpile",,,0.0
2025,MISSISSIPPI,WHEAT,60.0,56.144650721620856,4.0,0.0,35.0,25.9006277525673,Moderate,"Monitor closely, consider +5% stockpile",,,0.0
2025,NORTH CAROLINA,WHEAT,60.0,56.144650721620856,4.0,0.0,35.0,25.9006277525673,Moderate,"Monitor closely, consider +5% stockpile",,,0.0
2025,NORTH CAROLINA,WHEAT,60.0,56.144650721620856,4.0,0.0,35.0,25.9006277525673,Moderate,"Monitor closely, consider +5% stockpile",,,0.0
2025,MISSISSIPPI,WHEAT,60.0,56.144650721620856,4.0,0.0,35.0,25.9006277525673,Moderate,"Monitor closely, consider +5% stockpile",,,0.0
2025,SOUTH CAROLINA,WHEAT,60.0,56.144650721620856,4.0,0.0,35.0,25.9006277525673,Moderate,"Monitor closely, consider +5% stockpile",,,0.0
2025,SOUTH CAROLINA,WHEAT,60.0,56.144650721620856,4.0,0.0,35.0,25.9006277525673,Moderate,"Monitor closely, consider +5% stockpile",,,0.0
2025,SOUTH DAKOTA,CORN,167.0,56.003247430033596,4.0,0.0,35.0,25.851136600511758,Moderate,"Monitor closely, consider +5% stockpile",,,0.0
2025,SOUTH DAKOTA,CORN,167.0,56.003247430033596,4.0,0.0,35.0,25.851136600511758,Moderate,"Monitor closely, consider +5% stockpile",,,0.0
2025,MARYLAND,SOYBEANS,45.0,55.78396915151859,4.0,0.0,35.0,25.774389203031504,Moderate,"Monitor closely, consider +5% stockpile",,,0.0
2025,PENNSYLVANIA,SOYBEANS,45.0,55.78396915151859,4.0,0.0,35.0,25.774389203031504,Moderate,"Monitor closely, consider +5% stockpile",,,0.0
2025,MARYLAND,SOYBEANS,45.0,55.78396915151859,4.0,0.0,35.0,25.774389203031504,Moderate,"Monitor closely, consider +5% stockpile",,,0.0
2025,PENNSYLVANIA,SOYBEANS,45.0,55.78396915151859,4.0,0.0,35.0,25.774389203031504,Moderate,"Monitor closely, consider +5% stockpile",,,0.0
2025,SOUTH DAKOTA,CORN,168.0,55.30711025921923,4.0,0.0,35.0,25.607488590726728,Moderate,"Monitor closely, consider +5% stockpile",,,0.0
2025,ARKANSAS,WHEAT,61.0,55.22527453824076,4.0,0.0,35.0,25.578846088384264,Moderate,"Monitor closely, consider +5% stockpile",,,0.0
2025,ARKANSAS,WHEAT,62.0,54.30589835486067,4.0,0.0,35.0,25.257064424201236,Moderate,"Monitor closely, consider +5% stockpile",,,0.0
2025,ARKANSAS,WHEAT,62.0,54.30589835486067,4.0,0.0,35.0,25.257064424201236,Moderate,"Monitor closely, consider +5% stockpile",,,0.0
2025,MARYLAND,CORN,170.0,53.91483591759049,4.0,0.0,35.0,25.120192571156668,Moderate,"Monitor closely, consider +5% stockpile",,,0.0
2025,MARYLAND,CORN,170.0,53.91483591759049,4.0,0.0,35.0,25.120192571156668,Moderate,"Monitor closely, consider +5% stockpile",,,0.0
2025,WASHINGTON,WHEAT,62.6,53.75427264483261,4.0,0.0,35.0,25.063995425691413,Moderate,"Monitor closely, consider +5% stockpile",,,0.0
2025,NORTH CAROLINA,WHEAT,63.0,53.38652217148058,4.0,0.0,35.0,24.9352827600182,Low,Normal inventory,,,0.0
2025,VIRGINIA,CORN,173.0,51.82642440514738,4.0,0.0,35.0,24.38924854180158,Low,Normal inventory,,,0.0
2025,MARYLAND,CORN,173.0,51.82642440514738,4.0,0.0,35.0,24.38924854180158,Low,Normal inventory,,,0.0
2025,VIRGINIA,CORN,173.0,51.82642440514738,4.0,0.0,35.0,24.38924854180158,Low,Normal inventory,,,0.0
2025,VIRGINIA,CORN,173.0,51.82642440514738,4.0,0.0,35.0,24.38924854180158,Low,Normal inventory,,,0.0
2025,SOUTH DAKOTA,SOYBEANS,47.0,51.77436503851367,4.0,0.0,35.0,24.371027763479784,Low,Normal inventory,,,0.0
2025,SOUTH DAKOTA,SOYBEANS,47.0,51.77436503851367,4.0,0.0,35.0,24.371027763479784,Low,Normal inventory,,,0.0
2025,PENNSYLVANIA,SOYBEANS,47.0,51.77436503851367,4.0,0.0,35.0,24.371027763479784,Low,Normal inventory,,,0.0
2025,NEW YORK,SOYBEANS,47.0,51.77436503851367,4.0,0.0,35.0,24.371027763479784,Low,Normal inventory,,,0.0
2025,NEW YORK,SOYBEANS,47.0,51.77436503851367,4.0,0.0,35.0,24.371027763479784,Low,Normal inventory,,,0.0
2025,SOUTH DAKOTA,SOYBEANS,47.0,51.77436503851367,4.0,0.0,35.0,24.371027763479784,Low,Normal inventory,,,0.0
2025,VIRGINIA,WHEAT,65.0,51.547769804720396,4.0,0.0,35.0,24.291719431652137,Low,Normal inventory,,,0.0
2025,NORTH CAROLINA,WHEAT,65.0,51.547769804720396,4.0,0.0,35.0,24.291719431652137,Low,Normal inventory,,,0.0
2025,VIRGINIA,WHEAT,66.0,50.6283936213403,4.0,0.0,35.0,23.969937767469105,Low,Normal inventory,,,0.0
2025,VIRGINIA,WHEAT,66.0,50.6283936213403,4.0,0.0,35.0,23.969937767469105,Low,Normal inventory,,,0.0
2025,WASHINGTON,WHEAT,66.0,50.6283936213403,4.0,0.0,35.0,23.969937767469105,Low,Normal inventory,,,0.0
2025,GEORGIA,WHEAT,66.0,50.6283936213403,4.0,0.0,35.0,23.969937767469105,Low,Normal inventory,,,0.0
2025,GEORGIA,WHEAT,66.0,50.6283936213403,4.0,0.0,35.0,23.969937767469105,Low,Normal inventory,,,0.0
2025,KENTUCKY,CORN,175.0,50.43415006351864,4.0,0.0,35.0,23.901952522231525,Low,Normal inventory,,,0.0
2025,TENNESSEE,CORN,175.0,50.43415006351864,4.0,0.0,35.0,23.901952522231525,Low,Normal inventory,,,0.0
2025,TENNESSEE,CORN,175.0,50.43415006351864,4.0,0.0,35.0,23.901952522231525,Low,Normal inventory,,,0.0
2025,KENTUCKY,CORN,175.0,50.43415006351864,4.0,0.0,35.0,23.901952522231525,Low,Normal inventory,,,0.0
2025,VIRGINIA,SOYBEANS,48.0,49.76956298201121,4.0,0.0,35.0,23.669347043703922,Low,Normal inventory,,,0.0
2025,VIRGINIA,WHEAT,67.0,49.70901743796021,4.0,0.0,35.0,23.648156103286073,Low,Normal inventory,,,0.0
2025,VIRGINIA,WHEAT,67.0,49.70901743796021,4.0,0.0,35.0,23.648156103286073,Low,Normal inventory,,,0.0
2025,NORTH CAROLINA,WHEAT,67.0,49.70901743796021,4.0,0.0,35.0,23.648156103286073,Low,Normal inventory,,,0.0
2025,WASHINGTON,WHEAT,68.0,48.78964125458012,4.0,0.0,35.0,23.32637443910304,Low,Normal inventory,,,0.0
2025,MINNESOTA,WHEAT,68.0,48.78964125458012,4.0,0.0,35.0,23.32637443910304,Low,Normal inventory,,,0.0
2025,DELAWARE,CORN,178.0,48.345738551075534,4.0,0.0,35.0,23.171008492876435,Low,Normal inventory,,,0.0
2025,ARKANSAS,CORN,178.0,48.345738551075534,4.0,0.0,35.0,23.171008492876435,Low,Normal inventory,,,0.0
2025,ARKANSAS,CORN,178.0,48.345738551075534,4.0,0.0,35.0,23.171008492876435,Low,Normal inventory,,,0.0
2025,MINNESOTA,WHEAT,69.0,47.87026507120002,4.0,0.0,35.0,23.004592774920006,Low,Normal inventory,,,0.0
2025,MINNESOTA,WHEAT,69.0,47.87026507120002,4.0,0.0,35.0,23.004592774920006,Low,Normal inventory,,,0.0
2025,MINNESOTA,WHEAT,69.0,47.87026507120002,4.0,0.0,35.0,23.004592774920006,Low,Normal inventory,,,0.0
2025,MARYLAND,SOYBEANS,49.0,47.76476092550875,4.0,0.0,35.0,22.967666323928064,Low,Normal inventory,,,0.0
2025,GEORGIA,CORN,179.0,47.64960138026116,4.0,0.0,35.0,22.927360483091405,Low,Normal inventory,,,0.0
2025,MISSISSIPPI,CORN,179.0,47.64960138026116,4.0,0.0,35.0,22.927360483091405,Low,Normal inventory,,,0.0
2025,MISSISSIPPI,CORN,179.0,47.64960138026116,4.0,0.0,35.0,22.927360483091405,Low,Normal inventory,,,0.0
2025,MICHIGAN,CORN,180.0,46.95346420944679,4.0,0.0,35.0,22.683712473306375,Low,Normal inventory,,,0.0
2025,LOUISIANA,CORN,180.0,46.95346420944679,4.0,0.0,35.0,22.683712473306375,Low,Normal inventory,,,0.0
2025,MICHIGAN,CORN,180.0,46.95346420944679,4.0,0.0,35.0,22.683712473306375,Low,Normal inventory,,,0.0
2025,MICHIGAN,CORN,180.0,46.95346420944679,4.0,0.0,35.0,22.683712473306375,Low,Normal inventory,,,0.0
2025,WASHINGTON,WHEAT,70.0,46.950888887819936,4.0,0.0,35.0,22.682811110736978,Low,Normal inventory,,,0.0
2025,WASHINGTON,WHEAT,70.0,46.950888887819936,4.0,0.0,35.0,22.682811110736978,Low,Normal inventory,,,0.0
2025,DELAWARE,CORN,181.0,46.257327038632425,4.0,0.0,35.0,22.44006446352135,Low,Normal inventory,,,0.0
2025,DELAWARE,CORN,181.0,46.257327038632425,4.0,0.0,35.0,22.44006446352135,Low,Normal inventory,,,0.0
2025,ALABAMA,WHEAT,71.0,46.03151270443984,4.0,0.0,35.0,22.361029446553943,Low,Normal inventory,,,0.0
2025,ALABAMA,WHEAT,71.0,46.03151270443984,4.0,0.0,35.0,22.361029446553943,Low,Normal inventory,,,0.0
2025,NEW YORK,WHEAT,71.0,46.03151270443984,4.0,0.0,35.0,22.361029446553943,Low,Normal inventory,,,0.0
2025,NEW YORK,WHEAT,71.0,46.03151270443984,4.0,0.0,35.0,22.361029446553943,Low,Normal inventory,,,0.0
2025,OREGON,WHEAT,71.0,46.03151270443984,4.0,0.0,35.0,22.361029446553943,Low,Normal inventory,,,0.0
2025,WASHINGTON,WHEAT,71.0,46.03151270443984,4.0,0.0,35.0,22.361029446553943,Low,Normal inventory,,,0.0
2025,OREGON,WHEAT,71.0,46.03151270443984,4.0,0.0,35.0,22.361029446553943,Low,Normal inventory,,,0.0
2025,OREGON,WHEAT,71.0,46.03151270443984,4.0,0.0,35.0,22.361029446553943,Low,Normal inventory,,,0.0
2025,MISSOURI,WHEAT,71.0,46.03151270443984,4.0,0.0,35.0,22.361029446553943,Low,Normal inventory,,,0.0
2025,MISSOURI,WHEAT,71.0,46.03151270443984,4.0,0.0,35.0,22.361029446553943,Low,Normal inventory,,,0.0
2025,TENNESSEE,SOYBEANS,50.0,45.75995886900629,4.0,0.0,35.0,22.2659856041522,Low,Normal inventory,,,0.0
2025,NEW YORK,SOYBEANS,50.0,45.75995886900629,4.0,0.0,35.0,22.2659856041522,Low,Normal inventory,,,0.0
2025,ARKANSAS,CORN,182.0,45.56118986781805,4.0,0.0,35.0,22.19641645373632,Low,Normal inventory,,,0.0
2025,LOUISIANA,CORN,182.0,45.56118986781805,4.0,0.0,35.0,22.19641645373632,Low,Normal inventory,,,0.0
2025,LOUISIANA,CORN,182.0,45.56118986781805,4.0,0.0,35.0,22.19641645373632,Low,Normal inventory,,,0.0
2025,GEORGIA,CORN,182.0,45.56118986781805,4.0,0.0,35.0,22.19641645373632,Low,Normal inventory,,,0.0
2025,TENNESSEE,CORN,182.0,45.56118986781805,4.0,0.0,35.0,22.19641645373632,Low,Normal inventory,,,0.0
2025,GEORGIA,CORN,182.0,45.56118986781805,4.0,0.0,35.0,22.19641645373632,Low,Normal inventory,,,0.0
2025,PENNSYLVANIA,WHEAT,72.0,45.112136521059746,4.0,0.0,35.0,22.03924778237091,Low,Normal inventory,,,0.0
2025,VIRGINIA,WHEAT,72.0,45.112136521059746,4.0,0.0,35.0,22.03924778237091,Low,Normal inventory,,,0.0
2025,PENNSYLVANIA,WHEAT,72.0,45.112136521059746,4.0,0.0,35.0,22.03924778237091,Low,Normal inventory,,,0.0
2025,PENNSYLVANIA,WHEAT,72.0,45.112136521059746,4.0,0.0,35.0,22.03924778237091,Low,Normal inventory,,,0.0
2025,TENNESSEE,WHEAT,73.0,44.19276033767966,4.0,0.0,35.0,21.71746611818788,Low,Normal inventory,,,0.0
2025,PENNSYLVANIA,WHEAT,73.0,44.19276033767966,4.0,0.0,35.0,21.71746611818788,Low,Normal inventory,,,0.0
2025,PENNSYLVANIA,WHEAT,73.0,44.19276033767966,4.0,0.0,35.0,21.71746611818788,Low,Normal inventory,,,0.0
2025,TENNESSEE,WHEAT,73.0,44.19276033767966,4.0,0.0,35.0,21.71746611818788,Low,Normal inventory,,,0.0
2025,WISCONSIN,CORN,184.0,44.16891552618931,4.0,0.0,35.0,21.70912043416626,Low,Normal inventory,,,0.0
2025,WISCONSIN,CORN,184.0,44.16891552618931,4.0,0.0,35.0,21.70912043416626,Low,Normal inventory,,,0.0
2025,MISSOURI,CORN,184.0,44.16891552618931,4.0,0.0,35.0,21.70912043416626,Low,Normal inventory,,,0.0
2025,MISSOURI,CORN,184.0,44.16891552618931,4.0,0.0,35.0,21.70912043416626,Low,Normal inventory,,,0.0
2025,MISSOURI,SOYBEANS,51.0,43.75515681250383,4.0,0.0,35.0,21.56430488437634,Low,Normal inventory,,,0.0
2025,MISSOURI,SOYBEANS,51.0,43.75515681250383,4.0,0.0,35.0,21.56430488437634,Low,Normal inventory,,,0.0
2025,WISCONSIN,CORN,185.0,43.47277835537494,4.0,0.0,35.0,21.46547242438123,Low,Normal inventory,,,0.0
2025,TENNESSEE,WHEAT,74.0,43.27338415429956,4.0,0.0,35.0,21.395684454004844,Low,Normal inventory,,,0.0
2025,OREGON,WHEAT,74.0,43.27338415429956,4.0,0.0,35.0,21.395684454004844,Low,Normal inventory,,,0.0
2025,TENNESSEE,WHEAT,74.0,43.27338415429956,4.0,0.0,35.0,21.395684454004844,Low,Normal inventory,,,0.0
2025,MISSISSIPPI,CORN,186.0,42.776641184560575,4.0,0.0,35.0,21.2218244145962,Low,Normal inventory,,,0.0
2025,KENTUCKY,CORN,186.0,42.776641184560575,4.0,0.0,35.0,21.2218244145962,Low,Normal inventory,,,0.0
2025,OREGON,WHEAT,75.0,42.35400797091947,4.0,0.0,35.0,21.073902789821815,Low,Normal inventory,,,0.0
2025,OREGON,WHEAT,75.0,42.35400797091947,4.0,0.0,35.0,21.073902789821815,Low,Normal inventory,,,0.0
2025,PENNSYLVANIA,WHEAT,75.0,42.35400797091947,4.0,0.0,35.0,21.073902789821815,Low,Normal inventory,,,0.0
2025,TENNESSEE,WHEAT,75.0,42.35400797091947,4.0,0.0,35.0,21.073902789821815,Low,Normal inventory,,,0.0
2025,TENNESSEE,WHEAT,75.0,42.35400797091947,4.0,0.0,35.0,21.073902789821815,Low,Normal inventory,,,0.0
2025,MICHIGAN,SOYBEANS,52.0,41.75035475600137,4.0,0.0,35.0,20.86262416460048,Low,Normal inventory,,,0.0
2025,MICHIGAN,SOYBEANS,52.0,41.75035475600137,4.0,0.0,35.0,20.86262416460048,Low,Normal inventory,,,0.0
2025,MICHIGAN,SOYBEANS,52.0,41.75035475600137,4.0,0.0,35.0,20.86262416460048,Low,Normal inventory,,,0.0
2025,GEORGIA,SOYBEANS,52.0,41.75035475600137,4.0,0.0,35.0,20.86262416460048,Low,Normal inventory,,,0.0
2025,GEORGIA,SOYBEANS,52.0,41.75035475600137,4.0,0.0,35.0,20.86262416460048,Low,Normal inventory,,,0.0
2025,KENTUCKY,SOYBEANS,52.0,41.75035475600137,4.0,0.0,35.0,20.86262416460048,Low,Normal inventory,,,0.0
2025,WISCONSIN,WHEAT,76.0,41.43463178753938,4.0,0.0,35.0,20.75212112563878,Low,Normal inventory,,,0.0
2025,WISCONSIN,WHEAT,76.0,41.43463178753938,4.0,0.0,35.0,20.75212112563878,Low,Normal inventory,,,0.0
2025,WISCONSIN,WHEAT,76.0,41.43463178753938,4.0,0.0,35.0,20.75212112563878,Low,Normal inventory,,,0.0
2025,WISCONSIN,WHEAT,76.0,41.43463178753938,4.0,0.0,35.0,20.75212112563878,Low,Normal inventory,,,0.0
2025,MISSOURI,WHEAT,76.0,41.43463178753938,4.0,0.0,35.0,20.75212112563878,Low,Normal inventory,,,0.0
2025,MARYLAND,WHEAT,76.0,41.43463178753938,4.0,0.0,35.0,20.75212112563878,Low,Normal inventory,,,0.0
2025,WISCONSIN,WHEAT,77.0,40.515255604159286,4.0,0.0,35.0,20.43033946145575,Low,Normal inventory,,,0.0
2025,DELAWARE,SOYBEANS,53.0,39.74555269949891,4.0,0.0,35.0,20.160943444824618,Low,Normal inventory,,,0.0
2025,MISSOURI,SOYBEANS,53.0,39.74555269949891,4.0,0.0,35.0,20.160943444824618,Low,Normal inventory,,,0.0
2025,LOUISIANA,SOYBEANS,53.0,39.74555269949891,4.0,0.0,35.0,20.160943444824618,Low,Normal inventory,,,0.0
2025,WISCONSIN,SOYBEANS,53.0,39.74555269949891,4.0,0.0,35.0,20.160943444824618,Low,Normal inventory,,,0.0
2025,MINNESOTA,SOYBEANS,53.0,39.74555269949891,4.0,0.0,35.0,20.160943444824618,Low,Normal inventory,,,0.0
2025,MINNESOTA,SOYBEANS,53.0,39.74555269949891,4.0,0.0,35.0,20.160943444824618,Low,Normal inventory,,,0.0
2025,MINNESOTA,SOYBEANS,53.0,39.74555269949891,4.0,0.0,35.0,20.160943444824618,Low,Normal inventory,,,0.0
2025,MISSOURI,WHEAT,78.0,39.5958794207792,4.0,0.0,35.0,20.108557797272717,Low,Normal inventory,,,0.0
2025,WISCONSIN,WHEAT,78.0,39.5958794207792,4.0,0.0,35.0,20.108557797272717,Low,Normal inventory,,,0.0
2025,NEBRASKA,CORN,191.0,39.295955330488724,4.0,0.0,35.0,20.003584365671053,Low,Normal inventory,,,0.0
2025,NEBRASKA,CORN,191.0,39.295955330488724,4.0,0.0,35.0,20.003584365671053,Low,Normal inventory,,,0.0
2025,MISSOURI,CORN,191.0,39.295955330488724,4.0,0.0,35.0,20.003584365671053,Low,Normal inventory,,,0.0
2025,IDAHO,WHEAT,79.0,38.6765032373991,4.0,0.0,35.0,19.786776133089685,Low,Normal inventory,,,0.0
2025,MARYLAND,WHEAT,79.0,38.6765032373991,4.0,0.0,35.0,19.786776133089685,Low,Normal inventory,,,0.0
2025,MARYLAND,WHEAT,79.0,38.6765032373991,4.0,0.0,35.0,19.786776133089685,Low,Normal inventory,,,0.0
2025,NEBRASKA,CORN,192.0,38.599818159674356,4.0,0.0,35.0,19.759936355886026,Low,Normal inventory,,,0.0
2025,MISSOURI,WHEAT,80.0,37.75712705401901,4.0,0.0,35.0,19.464994468906653,Low,Normal inventory,,,0.0
2025,MISSOURI,WHEAT,80.0,37.75712705401901,4.0,0.0,35.0,19.464994468906653,Low,Normal inventory,,,0.0
2025,MARYLAND,WHEAT,80.0,37.75712705401901,4.0,0.0,35.0,19.464994468906653,Low,Normal inventory,,,0.0
2025,MARYLAND,WHEAT,80.0,37.75712705401901,4.0,0.0,35.0,19.464994468906653,Low,Normal inventory,,,0.0
2025,LOUISIANA,SOYBEANS,54.0,37.740750642996446,4.0,0.0,35.0,19.459262725048756,Low,Normal inventory,,,0.0
2025,LOUISIANA,SOYBEANS,54.0,37.740750642996446,4.0,0.0,35.0,19.459262725048756,Low,Normal inventory,,,0.0
2025,OHIO,CORN,194.0,37.207543818045615,4.0,0.0,35.0,19.272640336315966,Low,Normal inventory,,,0.0
2025,OHIO,CORN,194.0,37.207543818045615,4.0,0.0,35.0,19.272640336315966,Low,Normal inventory,,,0.0
2025,KENTUCKY,WHEAT,81.0,36.837750870638914,4.0,0.0,35.0,19.143212804723618,Low,Normal inventory,,,0.0
2025,KENTUCKY,WHEAT,81.0,36.837750870638914,4.0,0.0,35.0,19.143212804723618,Low,Normal inventory,,,0.0
2025,MARYLAND,WHEAT,82.0,35.918374687258826,4.0,0.0,35.0,18.82143114054059,Low,Normal inventory,,,0.0
2025,KENTUCKY,WHEAT,82.0,35.918374687258826,4.0,0.0,35.0,18.82143114054059,Low,Normal inventory,,,0.0
2025,OHIO,CORN,196.0,35.81526947641687,4.0,0.0,35.0,18.785344316745906,Low,Normal inventory,,,0.0
2025,WISCONSIN,SOYBEANS,55.0,35.73594858649399,4.0,0.0,35.0,18.757582005272894,Low,Normal inventory,,,0.0
2025,MISSISSIPPI,SOYBEANS,55.0,35.73594858649399,4.0,0.0,35.0,18.757582005272894,Low,Normal inventory,,,0.0
2025,MISSISSIPPI,SOYBEANS,55.0,35.73594858649399,4.0,0.0,35.0,18.757582005272894,Low,Normal inventory,,,0.0
2025,WISCONSIN,SOYBEANS,55.0,35.73594858649399,4.0,0.0,35.0,18.757582005272894,Low,Normal inventory,,,0.0
2025,GEORGIA,SOYBEANS,55.0,35.73594858649399,4.0,0.0,35.0,18.757582005272894,Low,Normal inventory,,,0.0
2025,KENTUCKY,WHEAT,83.0,34.99899850387873,4.0,0.0,35.0,18.499649476357554,Low,Normal inventory,,,0.0
2025,OHIO,WHEAT,83.0,34.99899850387873,4.0,0.0,35.0,18.499649476357554,Low,Normal inventory,,,0.0
2025,OHIO,WHEAT,83.0,34.99899850387873,4.0,0.0,35.0,18.499649476357554,Low,Normal inventory,,,0.0
2025,KENTUCKY,WHEAT,83.0,34.99899850387873,4.0,0.0,35.0,18.499649476357554,Low,Normal inventory,,,0.0
2025,OHIO,WHEAT,84.0,34.07962232049864,4.0,0.0,35.0,18.177867812174526,Low,Normal inventory,,,0.0
2025,KENTUCKY,WHEAT,84.0,34.07962232049864,4.0,0.0,35.0,18.177867812174526,Low,Normal inventory,,,0.0
2025,IDAHO,WHEAT,84.0,34.07962232049864,4.0,0.0,35.0,18.177867812174526,Low,Normal inventory,,,0.0
2025,IDAHO,WHEAT,84.0,34.07962232049864,4.0,0.0,35.0,18.177867812174526,Low,Normal inventory,,,0.0
2025,ARKANSAS,SOYBEANS,56.0,33.73114652999153,4.0,0.0,35.0,18.055901285497036,Low,Normal inventory,,,0.0
2025,ARKANSAS,SOYBEANS,56.0,33.73114652999153,4.0,0.0,35.0,18.055901285497036,Low,Normal inventory,,,0.0
2025,OHIO,SOYBEANS,56.0,33.73114652999153,4.0,0.0,35.0,18.055901285497036,Low,Normal inventory,,,0.0
2025,OHIO,SOYBEANS,56.0,33.73114652999153,4.0,0.0,35.0,18.055901285497036,Low,Normal inventory,,,0.0
2025,ARKANSAS,SOYBEANS,56.0,33.73114652999153,4.0,0.0,35.0,18.055901285497036,Low,Normal inventory,,,0.0
2025,MINNESOTA,CORN,199.0,33.726857963973764,4.0,0.0,35.0,18.054400287390816,Low,Normal inventory,,,0.0
2025,MINNESOTA,CORN,199.0,33.726857963973764,4.0,0.0,35.0,18.054400287390816,Low,Normal inventory,,,0.0
2025,CALIFORNIA,WHEAT,85.0,33.16024613711855,4.0,0.0,35.0,17.85608614799149,Low,Normal inventory,,,0.0
2025,ILLINOIS,WHEAT,85.0,33.16024613711855,4.0,0.0,35.0,17.85608614799149,Low,Normal inventory,,,0.0
2025,CALIFORNIA,WHEAT,85.0,33.16024613711855,4.0,0.0,35.0,17.85608614799149,Low,Normal inventory,,,0.0
2025,DELAWARE,WHEAT,86.0,32.24086995373845,4.0,0.0,35.0,17.53430448380846,Low,Normal inventory,,,0.0
2025,INDIANA,WHEAT,86.0,32.24086995373845,4.0,0.0,35.0,17.53430448380846,Low,Normal inventory,,,0.0
2025,INDIANA,WHEAT,86.0,32.24086995373845,4.0,0.0,35.0,17.53430448380846,Low,Normal inventory,,,0.0
2025,INDIANA,WHEAT,86.0,32.24086995373845,4.0,0.0,35.0,17.53430448380846,Low,Normal inventory,,,0.0
2025,DELAWARE,WHEAT,86.0,32.24086995373845,4.0,0.0,35.0,17.53430448380846,Low,Normal inventory,,,0.0
2025,OHIO,WHEAT,86.0,32.24086995373845,4.0,0.0,35.0,17.53430448380846,Low,Normal inventory,,,0.0
2025,OHIO,WHEAT,86.0,32.24086995373845,4.0,0.0,35.0,17.53430448380846,Low,Normal inventory,,,0.0
2025,ILLINOIS,WHEAT,86.0,32.24086995373845,4.0,0.0,35.0,17.53430448380846,Low,Normal inventory,,,0.0
2025,OHIO,WHEAT,86.0,32.24086995373845,4.0,0.0,35.0,17.53430448380846,Low,Normal inventory,,,0.0
2025,CALIFORNIA,WHEAT,86.0,32.24086995373845,4.0,0.0,35.0,17.53430448380846,Low,Normal inventory,,,0.0
2025,NEBRASKA,SOYBEANS,57.0,31.726344473489064,4.0,0.0,35.0,17.35422056572117,Low,Normal inventory,,,0.0
2025,MISSISSIPPI,SOYBEANS,57.0,31.726344473489064,4.0,0.0,35.0,17.35422056572117,Low,Normal inventory,,,0.0
2025,OHIO,SOYBEANS,57.0,31.726344473489064,4.0,0.0,35.0,17.35422056572117,Low,Normal inventory,,,0.0
2025,MINNESOTA,CORN,202.0,31.638446451530655,4.0,0.0,35.0,17.323456258035726,Low,Normal inventory,,,0.0
2025,INDIANA,WHEAT,87.0,31.321493770358366,4.0,0.0,35.0,17.212522819625427,Low,Normal inventory,,,0.0
2025,MICHIGAN,WHEAT,87.0,31.321493770358366,4.0,0.0,35.0,17.212522819625427,Low,Normal inventory,,,0.0
2025,ILLINOIS,WHEAT,87.0,31.321493770358366,4.0,0.0,35.0,17.212522819625427,Low,Normal inventory,,,0.0
2025,ILLINOIS,WHEAT,87.0,31.321493770358366,4.0,0.0,35.0,17.212522819625427,Low,Normal inventory,,,0.0
2025,CALIFORNIA,WHEAT,87.0,31.321493770358366,4.0,0.0,35.0,17.212522819625427,Low,Normal inventory,,,0.0
2025,MICHIGAN,WHEAT,88.0,30.40211758697827,4.0,0.0,35.0,16.89074115544239,Low,Normal inventory,,,0.0
2025,ILLINOIS,WHEAT,88.0,30.40211758697827,4.0,0.0,35.0,16.89074115544239,Low,Normal inventory,,,0.0
2025,ILLINOIS,WHEAT,88.0,30.40211758697827,4.0,0.0,35.0,16.89074115544239,Low,Normal inventory,,,0.0
2025,INDIANA,CORN,205.0,29.55003493908755,4.0,0.0,35.0,16.59251222868064,Low,Normal inventory,,,0.0
2025,INDIANA,CORN,205.0,29.55003493908755,4.0,0.0,35.0,16.59251222868064,Low,Normal inventory,,,0.0
2025,INDIANA,CORN,205.0,29.55003493908755,4.0,0.0,35.0,16.59251222868064,Low,Normal inventory,,,0.0
2025,INDIANA,WHEAT,89.0,29.482741403598176,4.0,0.0,35.0,16.568959491259363,Low,Normal inventory,,,0.0
2025,INDIANA,WHEAT,89.0,29.482741403598176,4.0,0.0,35.0,16.568959491259363,Low,Normal inventory,,,0.0
2025,MICHIGAN,WHEAT,89.0,29.482741403598176,4.0,0.0,35.0,16.568959491259363,Low,Normal inventory,,,0.0
2025,MICHIGAN,WHEAT,90.0,28.56336522021809,4.0,0.0,35.0,16.247177827076328,Low,Normal inventory,,,0.0
2025,CALIFORNIA,WHEAT,90.0,28.56336522021809,4.0,0.0,35.0,16.247177827076328,Low,Normal inventory,,,0.0
2025,MICHIGAN,WHEAT,90.0,28.56336522021809,4.0,0.0,35.0,16.247177827076328,Low,Normal inventory,,,0.0
2025,CALIFORNIA,WHEAT,90.4,28.195614746866045,4.0,0.0,35.0,16.118465161403115,Low,Normal inventory,,,0.0
2025,MICHIGAN,WHEAT,91.0,27.643989036837993,4.0,0.0,35.0,15.925396162893296,Low,Normal inventory,,,0.0
2025,IDAHO,WHEAT,93.5,25.345548578387763,4.0,0.0,35.0,15.120942002435717,Low,Normal inventory,,,0.0
2025,INDIANA,SOYBEANS,61.0,23.707136247479227,4.0,0.0,35.0,14.54749768661773,Low,Normal inventory,,,0.0
2025,NEBRASKA,SOYBEANS,61.0,23.707136247479227,4.0,0.0,35.0,14.54749768661773,Low,Normal inventory,,,0.0
2025,INDIANA,SOYBEANS,61.0,23.707136247479227,4.0,0.0,35.0,14.54749768661773,Low,Normal inventory,,,0.0
2025,NEBRASKA,SOYBEANS,61.0,23.707136247479227,4.0,0.0,35.0,14.54749768661773,Low,Normal inventory,,,0.0
2025,IDAHO,WHEAT,97.0,22.127731936557442,4.0,0.0,35.0,13.994706177795104,Low,Normal inventory,,,0.0
2025,IDAHO,WHEAT,97.0,22.127731936557442,4.0,0.0,35.0,13.994706177795104,Low,Normal inventory,,,0.0
2025,IDAHO,WHEAT,97.0,22.127731936557442,4.0,0.0,35.0,13.994706177795104,Low,Normal inventory,,,0.0
2025,IDAHO,WHEAT,97.0,22.127731936557442,4.0,0.0,35.0,13.994706177795104,Low,Normal inventory,,,0.0
2025,INDIANA,SOYBEANS,62.0,21.702334190976764,4.0,0.0,35.0,13.845816966841866,Low,Normal inventory,,,0.0
2025,IDAHO,WHEAT,99.0,20.288979569797256,4.0,0.0,35.0,13.351142849429039,Low,Normal inventory,,,0.0
2025,IOWA,CORN,219.0,19.80411454768637,4.0,0.0,35.0,13.18144009169023,Low,Normal inventory,,,0.0
2025,IOWA,CORN,219.0,19.80411454768637,4.0,0.0,35.0,13.18144009169023,Low,Normal inventory,,,0.0
2025,ILLINOIS,CORN,219.0,19.80411454768637,4.0,0.0,35.0,13.18144009169023,Low,Normal inventory,,,0.0
2025,ILLINOIS,CORN,219.0,19.80411454768637,4.0,0.0,35.0,13.18144009169023,Low,Normal inventory,,,0.0
2025,IOWA,SOYBEANS,63.0,19.6975321344743,4.0,0.0,35.0,13.144136247066005,Low,Normal inventory,,,0.0
2025,CALIFORNIA,WHEAT,100.0,19.369603386417165,4.0,0.0,35.0,13.029361185246007,Low,Normal inventory,,,0.0
2025,CALIFORNIA,WHEAT,100.0,19.369603386417165,4.0,0.0,35.0,13.029361185246007,Low,Normal inventory,,,0.0
2025,CALIFORNIA,WHEAT,100.0,19.369603386417165,4.0,0.0,35.0,13.029361185246007,Low,Normal inventory,,,0.0
2025,ILLINOIS,CORN,221.0,18.41184020605763,4.0,0.0,35.0,12.69414407212017,Low,Normal inventory,,,0.0
2025,IOWA,CORN,222.0,17.71570303524326,4.0,0.0,35.0,12.45049606233514,Low,Normal inventory,,,0.0
2025,IDAHO,CORN,222.0,17.71570303524326,4.0,0.0,35.0,12.45049606233514,Low,Normal inventory,,,0.0
2025,ILLINOIS,SOYBEANS,65.0,15.687928021469382,4.0,0.0,35.0,11.740774807514283,Low,Normal inventory,,,0.0
2025,ILLINOIS,SOYBEANS,65.0,15.687928021469382,4.0,0.0,35.0,11.740774807514283,Low,Normal inventory,,,0.0
2025,ILLINOIS,SOYBEANS,65.0,15.687928021469382,4.0,0.0,35.0,11.740774807514283,Low,Normal inventory,,,0.0
2025,IOWA,SOYBEANS,65.0,15.687928021469382,4.0,0.0,35.0,11.740774807514283,Low,Normal inventory,,,0.0
2025,IOWA,SOYBEANS,65.0,15.687928021469382,4.0,0.0,35.0,11.740774807514283,Low,Normal inventory,,,0.0
2025,CALIFORNIA,WHEAT,105.0,14.772722469516701,4.0,0.0,35.0,11.420452864330844,Low,Normal inventory,,,0.0
2025,IDAHO,CORN,230.0,12.146605668728306,4.0,0.0,35.0,10.501311984054906,Low,Normal inventory,,,0.0
2025,IDAHO,CORN,230.0,12.146605668728306,4.0,0.0,35.0,10.501311984054906,Low,Normal inventory,,,0.0
2025,WASHINGTON,CORN,235.0,8.665919814656455,4.0,0.0,35.0,9.283071935129758,Low,Normal inventory,,,0.0
2025,WASHINGTON,CORN,235.0,8.665919814656455,4.0,0.0,35.0,9.283071935129758,Low,Normal inventory,,,0.0
2025,WASHINGTON,CORN,235.0,8.665919814656455,4.0,0.0,35.0,9.283071935129758,Low,Normal inventory,,,0.0
2025,ARIZONA,WHEAT,113.0,7.417713002475963,4.0,0.0,35.0,8.846199550866586,Low,Normal inventory,,,0.0
2025,ARIZONA,WHEAT,113.0,7.417713002475963,4.0,0.0,35.0,8.846199550866586,Low,Normal inventory,,,0.0
2025,ARIZONA,WHEAT,114.0,6.498336819095869,4.0,0.0,35.0,8.524417886683555,Low,Normal inventory,,,0.0
2025,ARIZONA,WHEAT,114.0,6.498336819095869,4.0,0.0,35.0,8.524417886683555,Low,Normal inventory,,,0.0
2025,ARIZONA,WHEAT,117.0,3.740208268955591,4.0,0.0,35.0,7.559072894134457,Low,Normal inventory,,,0.0
2025,ARIZONA,WHEAT,117.0,3.740208268955591,4.0,0.0,35.0,7.559072894134457,Low,Normal inventory,,,0.0
2025,CALIFORNIA,WHEAT,125.0,0.0,4.0,0.0,35.0,6.25,Low,Normal inventory,,,0.0
